{
  "S_P95_steps": 10.0,
  "A_P95_audit_len": 22.0,
  "results": {
    "Qwen2.5-7B-Instruct": {
      "n": 165,
      "RC_exact_match": 0.06060606060606061,
      "TS_proxy": 0.5381818181818182,
      "BM": 1.0,
      "PI": 0.9939393939393939,
      "AL_proxy": 0.5079889807162534,
      "RRI": 0.6201432506887052,
      "CoT_RS_proxy": 0.7600275482093664,
      "RRC_proxy": 0.06060606060606061,
      "avg_steps": 5.381818181818182,
      "tool_use_rate": 0.9939393939393939,
      "avg_elapsed_s": 12.254545454545454
    },
    "GPT-4o-mini": {
      "n": 165,
      "RC_exact_match": 0.11515151515151516,
      "TS_proxy": 0.6909090909090909,
      "BM": 1.0,
      "PI": 0.9939393939393939,
      "AL_proxy": 0.6790633608815426,
      "RRI": 0.6958126721763085,
      "CoT_RS_proxy": 0.8409779614325068,
      "RRC_proxy": 0.11515151515151516,
      "avg_steps": 6.909090909090909,
      "tool_use_rate": 0.9696969696969697,
      "avg_elapsed_s": 18.29878787878788
    },
    "GPT-4o": {
      "n": 165,
      "RC_exact_match": 0.15151515151515152,
      "TS_proxy": 0.7636363636363637,
      "BM": 1.0,
      "PI": 0.9939393939393939,
      "AL_proxy": 0.7592286501377411,
      "RRI": 0.7336639118457301,
      "CoT_RS_proxy": 0.8792011019283748,
      "RRC_proxy": 0.14545454545454545,
      "avg_steps": 7.636363636363637,
      "tool_use_rate": 0.9636363636363636,
      "avg_elapsed_s": 18.913333333333334
    },
    "Gemini-2.0-flash": {
      "n": 165,
      "RC_exact_match": 0.10303030303030303,
      "TS_proxy": 0.64,
      "BM": 1.0,
      "PI": 0.9939393939393939,
      "AL_proxy": 0.6391184573002754,
      "RRI": 0.6752176308539946,
      "CoT_RS_proxy": 0.8182644628099173,
      "RRC_proxy": 0.10303030303030303,
      "avg_steps": 6.4,
      "tool_use_rate": 0.8363636363636363,
      "avg_elapsed_s": 9.691515151515153
    }
  }
}